Feature,Coefficient
x_scale,-13.919193028649998
y_scale,10.360778048528273
